scenario,trading_day,gamma,direct_liquidity_multiplier_E_k,indirect_liquidity_multiplier_E_k2_over_E_k_minus_1,baseline_direct_liquidity,baseline_indirect_liquidity,liquidity_risk_threshold,liquidity_risk_day,ewi_signal,support_active,support_amount,policy_direct_liquidity,baseline_shortfall,policy_shortfall
1,1,1.2011995110754763,5.2124732978537365,10.391052934501595,312.7483978712242,623.4631760700956,155.77679295780877,False,False,False,0.0,312.7483978712242,0.0,0.0
1,2,0.7821504401952146,7.7223377081112545,12.563518553685377,463.3402624866753,753.8111132211226,155.77679295780877,False,False,False,0.0,463.3402624866753,0.0,0.0
1,3,1.384768191061566,4.310488234409119,9.284448823563881,258.62929406454714,557.0669294138329,155.77679295780877,False,False,False,0.0,258.62929406454714,0.0,0.0
1,4,1.4713623554601234,3.937424245289109,8.737869278684874,236.24545471734655,524.2721567210924,155.77679295780877,False,False,False,0.0,236.24545471734655,0.0,0.0
1,5,0.5848614348157155,9.005961080402706,13.405435328079555,540.3576648241624,804.3261196847733,155.77679295780877,False,False,False,0.0,540.3576648241624,0.0,0.0
1,6,0.7193825573573159,8.1294056398286,12.84348216514321,487.76433838971593,770.6089299085926,155.77679295780877,False,False,False,0.0,487.76433838971593,0.0,0.0
1,7,1.1352897384873493,5.570929105313466,10.767256842884267,334.25574631880795,646.035410573056,155.77679295780877,False,False,False,0.0,334.25574631880795,0.0,0.0
1,8,0.985311526215399,6.444735613379163,11.576246303832095,386.6841368027498,694.5747782299256,155.77679295780877,False,True,True,10.0,451.1314929365414,0.0,0.0
1,9,1.084088778502922,5.8607404072080875,11.050948790639437,351.64442443248527,663.0569274383662,155.77679295780877,False,False,True,10.0,410.2518285045661,0.0,0.0
1,10,0.8302199212200867,7.413333005945315,12.341210960438056,444.7999803567189,740.4726576262834,155.77679295780877,False,False,True,10.0,518.933310416172,0.0,0.0
1,11,1.4429265939249964,4.056153020870464,8.918740808669657,243.36918125222783,535.1244485201794,155.77679295780877,False,False,True,10.0,283.93071146093246,0.0,0.0
1,12,1.3969005038834352,4.256156707486615,9.208668871097174,255.36940244919688,552.5201322658304,155.77679295780877,False,False,True,10.0,297.930969524063,0.0,0.0
1,13,1.1131205974910605,5.695241248897474,10.891030836458645,341.71447493384846,653.4618501875187,155.77679295780877,False,False,True,10.0,398.6668874228232,0.0,0.0
1,14,1.5616581043075566,3.5847718055250617,8.156593190490558,215.0863083315037,489.39559142943347,155.77679295780877,False,False,True,10.0,250.9340263867543,0.0,0.0
1,15,1.2652373755930106,4.881150387525097,10.014271038428598,292.86902325150584,600.8562623057159,155.77679295780877,False,False,True,10.0,341.68052712675683,0.0,0.0
1,16,0.8285664401316992,7.423911503405932,12.348970381697873,445.43469020435595,740.9382229018723,155.77679295780877,False,False,True,10.0,519.6738052384153,0.0,0.0
1,17,1.2259924688692392,5.0821555296351075,10.246451607674993,304.9293317781065,614.7870964604996,155.77679295780877,False,False,True,10.0,355.7508870744575,0.0,0.0
1,18,0.8026531288764517,7.5901812266554565,12.469543220172696,455.4108735993274,748.1725932103618,155.77679295780877,False,False,False,0.0,455.4108735993274,0.0,0.0
1,19,1.4424903814989292,4.058001428531342,8.921506217682238,243.48008571188052,535.2903730609343,155.77679295780877,False,False,False,0.0,243.48008571188052,0.0,0.0
1,20,1.0726919164442528,5.9265139852990005,11.113050497608205,355.59083911794005,666.7830298564922,155.77679295780877,False,False,False,0.0,355.59083911794005,0.0,0.0
1,21,1.0274907157102904,6.191636392398244,11.3555298204188,371.49818354389464,681.331789225128,155.77679295780877,False,True,True,10.0,433.41454746787707,0.0,0.0
1,22,0.8770850535590387,7.115389341326195,12.117773908078334,426.9233604795717,727.0664344847,155.77679295780877,False,False,True,10.0,498.07725389283365,0.0,0.0
1,23,1.609870573932322,3.4114480408384646,7.843241671223429,204.68688245030788,470.59450027340574,155.77679295780877,False,False,True,10.0,238.80136285869253,0.0,0.0
1,24,1.0374827853714301,6.13245820322545,11.302460179089671,367.947492193527,678.1476107453802,155.77679295780877,False,False,True,10.0,429.2720742257815,0.0,0.0
1,25,0.9506984350429742,6.656160801451021,11.75332342390726,399.36964808706125,705.1994054344356,155.77679295780877,False,False,True,10.0,465.9312561015715,0.0,0.0
1,26,0.9740930180233075,6.51291059286736,11.634039931044724,390.77463557204163,698.0423958626834,155.77679295780877,False,False,True,10.0,455.9037415007152,0.0,0.0
1,27,1.2916677793217244,4.749516057743692,9.855718571615084,284.97096346462155,591.343114296905,155.77679295780877,False,True,True,10.0,332.4661240420585,0.0,0.0
1,28,1.2246997121560765,5.0888908006261895,10.254029800080984,305.3334480375714,615.241788004859,155.77679295780877,False,False,True,10.0,356.22235604383326,0.0,0.0
1,29,1.243317436621735,4.992619031813474,10.144438757373349,299.55714190880843,608.666325442401,155.77679295780877,False,False,True,10.0,349.48333222694316,0.0,0.0
1,30,1.2505135242926184,4.955797856006282,10.101841243478713,297.3478713603769,606.1104746087228,155.77679295780877,False,False,True,10.0,346.9058499204398,0.0,0.0
1,31,2.158462038075535,2.069859274300251,4.442965716575473,124.19155645801507,266.57794299452837,155.77679295780877,True,False,True,10.0,144.89014920101758,31.585236499793695,10.886643756791187
1,32,0.9573683528836848,6.615173249669237,11.719487132034171,396.9103949801542,703.1692279220503,155.77679295780877,False,False,True,10.0,463.06212747684657,0.0,0.0
1,33,0.9255829347113411,6.811471330008264,11.879528467961011,408.6882798004959,712.7717080776606,155.77679295780877,False,False,True,10.0,476.8029931005785,0.0,0.0
1,34,0.8406876291446431,7.346469147891942,12.29187871775256,440.78814887351655,737.5127230651536,155.77679295780877,False,False,True,10.0,514.2528403524359,0.0,0.0
1,35,1.326613353235022,4.580175104420868,9.643533603423146,274.81050626525206,578.6120162053887,155.77679295780877,False,False,True,10.0,320.61225730946074,0.0,0.0
1,36,1.5625208547006775,3.5815851589283296,8.150998451955733,214.8951095356998,489.059907117344,155.77679295780877,False,False,True,10.0,250.71096112498307,0.0,0.0
1,37,1.0510031964699629,6.052898299641133,11.230162229109332,363.173897978468,673.8097337465599,155.77679295780877,False,False,False,0.0,363.173897978468,0.0,0.0
1,38,0.8336406135555645,7.391463054297923,12.325128814978454,443.4877832578754,739.5077288987072,155.77679295780877,False,False,False,0.0,443.4877832578754,0.0,0.0
1,39,0.8378202719940903,7.364765972831062,12.30542857195303,441.8859583698637,738.3257143171818,155.77679295780877,False,False,False,0.0,441.8859583698637,0.0,0.0
1,40,1.3413449267426896,4.510413381528008,9.553254630359216,270.6248028916805,573.195277821553,155.77679295780877,False,True,True,10.0,315.72893670696055,0.0,0.0
1,41,1.381592105225678,4.324816069476843,9.304242559196902,259.4889641686106,558.2545535518142,155.77679295780877,False,False,True,10.0,302.737124863379,0.0,0.0
1,42,1.296144870716068,4.727518982112387,9.828694139941973,283.6511389267432,589.7216483965184,155.77679295780877,False,False,True,10.0,330.9263287478671,0.0,0.0
1,43,0.8814106990666197,7.088085312438863,12.09681650164522,425.28511874633176,725.8089900987133,155.77679295780877,False,False,True,10.0,496.1659718707204,0.0,0.0
1,44,1.173712301005069,5.359879279643078,10.549422604981975,321.59275677858466,632.9653562989186,155.77679295780877,False,False,True,10.0,375.1915495750155,0.0,0.0
1,45,1.131256549295512,5.593409595957562,10.789879839540326,335.6045757574537,647.3927903724195,155.77679295780877,False,False,True,10.0,391.53867171702933,0.0,0.0
1,46,1.1686779352978776,5.387209914567168,10.578198204745336,323.2325948740301,634.6918922847201,155.77679295780877,False,False,True,10.0,377.10469401970175,0.0,0.0
1,47,1.4392624925128796,4.071721485024892,8.941954712443863,244.30328910149353,536.5172827466317,155.77679295780877,False,False,True,10.0,285.02050395174246,0.0,0.0
1,48,1.1705090154252602,5.377259201012814,10.567739222719288,322.6355520607688,634.0643533631572,155.77679295780877,False,True,True,10.0,376.408144070897,0.0,0.0
1,49,1.3535199519409762,4.453496130724911,9.478284518641104,267.20976784349466,568.6970711184663,155.77679295780877,False,False,True,10.0,311.7447291507438,0.0,0.0
1,50,1.1136706263449911,5.692131562121085,10.887979963370924,341.52789372726505,653.2787978022554,155.77679295780877,False,False,True,10.0,398.4492093484759,0.0,0.0
1,51,1.1952366362448106,5.244196753017252,10.425580830635406,314.6518051810351,625.5348498381244,155.77679295780877,False,False,True,10.0,367.09377271120763,0.0,0.0
1,52,1.3331087747071622,4.549295230760322,9.603787559484893,272.9577138456193,576.2272535690936,155.77679295780877,False,False,True,10.0,318.4506661532225,0.0,0.0
1,53,0.6846774637397065,8.355492263988388,12.993354261972758,501.3295358393033,779.6012557183655,155.77679295780877,False,False,True,10.0,584.8844584791872,0.0,0.0
1,54,0.984234275984595,6.451270232683594,11.581809034516022,387.07621396101564,694.9085420709613,155.77679295780877,False,False,True,10.0,451.5889162878516,0.0,0.0
1,55,0.9380304823844877,6.7343066028486245,11.81722134829813,404.0583961709175,709.0332808978878,155.77679295780877,False,False,True,10.0,471.40146219940374,0.0,0.0
1,56,0.8889318946223219,7.040700373575738,12.060236693803514,422.4420224145443,723.6142016282108,155.77679295780877,False,False,True,10.0,492.84902615030165,0.0,0.0
1,57,0.9983171224465673,6.366140416428724,11.50876599168619,381.96842498572346,690.5259595011714,155.77679295780877,False,False,True,10.0,445.62982915001066,0.0,0.0
1,58,1.756043708855367,2.9468478805732374,6.891260774569534,176.81087283439425,413.47564647417204,155.77679295780877,False,True,True,10.0,206.2793516401266,0.0,0.0
1,59,0.8268397143343883,7.434961502521546,12.357067662655865,446.09769015129274,741.4240597593518,155.77679295780877,False,False,True,10.0,520.4473051765082,0.0,0.0
1,60,1.484429939985354,3.8840988509502874,8.654352505943264,233.04593105701724,519.2611503565959,155.77679295780877,False,False,True,10.0,271.88691956652013,0.0,0.0
1,61,0.6371043862372058,8.665758584706644,13.193217966979041,519.9455150823986,791.5930780187425,155.77679295780877,False,False,True,10.0,606.6031009294651,0.0,0.0
1,62,0.9794683898677699,6.4802048629525535,11.60639195923865,388.81229177715323,696.383517554319,155.77679295780877,False,False,True,10.0,453.61434040667876,0.0,0.0
1,63,1.14800634979653,5.500450895507279,10.695621994759023,330.0270537304367,641.7373196855414,155.77679295780877,False,False,True,10.0,385.0315626855095,0.0,0.0
1,64,1.314078029512372,4.640292924973051,9.719973705489647,278.41757549838303,583.1984223293788,155.77679295780877,False,False,True,10.0,324.82050474811354,0.0,0.0
1,65,1.3675462628245703,4.388763393593486,9.391521705783298,263.3258036156092,563.4913023469978,155.77679295780877,False,False,True,10.0,307.213437551544,0.0,0.0
1,66,1.4038504698974283,4.225339354526377,9.165130913281645,253.52036127158263,549.9078547968987,155.77679295780877,False,False,True,10.0,295.7737548168464,0.0,0.0
1,67,0.9751529007350176,6.506458100025275,11.628592698753366,390.3874860015165,697.7155619252019,155.77679295780877,False,False,True,10.0,455.4520670017692,0.0,0.0
1,68,0.9404340396619268,6.719451753053887,11.805132260527301,403.1671051832332,708.3079356316381,155.77679295780877,False,False,False,0.0,403.1671051832332,0.0,0.0
1,69,1.4330981777926135,4.098045319340575,8.980961168163786,245.8827191604345,538.8576700898271,155.77679295780877,False,False,False,0.0,245.8827191604345,0.0,0.0
1,70,1.025381065381509,6.204165165570038,11.366701281158129,372.2499099342023,682.0020768694877,155.77679295780877,False,False,False,0.0,372.2499099342023,0.0,0.0
1,71,0.7254890453779417,8.089678154867366,12.81675570131041,485.38068929204195,769.0053420786246,155.77679295780877,False,False,False,0.0,485.38068929204195,0.0,0.0
1,72,0.7592101461049523,7.8707389075473575,12.667180833152763,472.24433445284143,760.0308499891657,155.77679295780877,False,False,False,0.0,472.24433445284143,0.0,0.0
1,73,0.8128145271998438,7.524872925910153,12.4225032467883,451.49237555460917,745.3501948072981,155.77679295780877,False,False,False,0.0,451.49237555460917,0.0,0.0
1,74,1.2772637254098895,4.820874481283022,9.942340372608554,289.2524688769813,596.5404223565132,155.77679295780877,False,False,False,0.0,289.2524688769813,0.0,0.0
1,75,1.14058508794841,5.541505131435322,10.737484378194207,332.49030788611935,644.2490626916524,155.77679295780877,False,False,False,0.0,332.49030788611935,0.0,0.0
1,76,1.3585263788933235,4.430291735856714,9.447361937803707,265.81750415140283,566.8417162682224,155.77679295780877,False,False,False,0.0,265.81750415140283,0.0,0.0
1,77,0.9510246151338325,6.654154568727762,11.751670901576931,399.2492741236657,705.1002540946158,155.77679295780877,False,False,False,0.0,399.2492741236657,0.0,0.0
1,78,1.1464641412100052,5.508962849345159,10.704335949227614,330.53777096070957,642.2601569536569,155.77679295780877,False,False,False,0.0,330.53777096070957,0.0,0.0
1,79,1.3306875159078242,4.560786199644221,9.61861339922414,273.64717197865326,577.1168039534484,155.77679295780877,False,False,False,0.0,273.64717197865326,0.0,0.0
1,80,0.9874817907399095,6.431590518404954,11.565017843477998,385.89543110429724,693.9010706086799,155.77679295780877,False,False,False,0.0,385.89543110429724,0.0,0.0
1,81,1.2609116888246152,4.902985492421868,10.04005414267193,294.1791295453121,602.4032485603159,155.77679295780877,False,True,True,10.0,343.2089844695308,0.0,0.0
1,82,0.8824190854860436,7.081726700105372,12.091920814795335,424.9036020063223,725.5152488877201,155.77679295780877,False,False,True,10.0,495.720869007376,0.0,0.0
1,83,0.9707050509545233,6.533568680099207,11.651415646950628,392.0141208059524,699.0849388170377,155.77679295780877,False,False,True,10.0,457.34980760694447,0.0,0.0
1,84,0.9649357243015243,6.568813128949087,11.680928893293299,394.12878773694524,700.8557335975979,155.77679295780877,False,False,True,10.0,459.8169190264361,0.0,0.0
1,85,0.7442084490446567,7.96803823606862,12.734132559930964,478.0822941641172,764.0479535958578,155.77679295780877,False,False,True,10.0,557.7626765248034,0.0,0.0
1,86,1.273118618262845,4.8415798324098125,9.967172521891527,290.4947899445888,598.0303513134916,155.77679295780877,False,False,True,10.0,338.91058826868687,0.0,0.0
1,87,0.9383209229026752,6.732511575822442,11.815760529806502,403.9506945493465,708.9456317883901,155.77679295780877,False,False,True,10.0,471.2758103075709,0.0,0.0
1,88,1.0942689319600551,5.8023648751348995,10.995156119290003,348.141892508094,659.7093671574002,155.77679295780877,False,False,True,10.0,406.165541259443,0.0,0.0
1,89,1.2705922597114556,4.854237849609984,9.982285299453965,291.254270976599,598.9371179672379,155.77679295780877,False,False,True,10.0,339.79664947269885,0.0,0.0
1,90,1.2567972746322593,4.923827489247111,10.064535060380653,295.4296493548266,603.8721036228392,155.77679295780877,False,False,True,10.0,344.6679242472977,0.0,0.0
1,91,1.3476903809922238,4.4806732279865935,9.514217337310205,268.8403936791956,570.8530402386123,155.77679295780877,False,False,False,0.0,268.8403936791956,0.0,0.0
1,92,1.0562007779024079,6.0224695363370815,11.202224516176418,361.3481721802249,672.1334709705851,155.77679295780877,False,False,False,0.0,361.3481721802249,0.0,0.0
1,93,0.9522252192162383,6.646770024835269,11.745588295336805,398.80620149011617,704.7352977202083,155.77679295780877,False,False,False,0.0,398.80620149011617,0.0,0.0
1,94,1.0625439898476232,5.985452157322418,11.168021365758776,359.1271294393451,670.0812819455266,155.77679295780877,False,False,False,0.0,359.1271294393451,0.0,0.0
1,95,0.6361975045724546,8.671671762998036,13.196964008282164,520.3003057798821,791.8178404969299,155.77679295780877,False,False,False,0.0,520.3003057798821,0.0,0.0
1,96,0.6868749248989718,8.341165381745666,12.983967415005745,500.46992290474,779.0380449003447,155.77679295780877,False,False,False,0.0,500.46992290474,0.0,0.0
1,97,0.7146881659279285,8.159958697697792,12.863959259819472,489.59752186186756,771.8375555891683,155.77679295780877,False,False,False,0.0,489.59752186186756,0.0,0.0
1,98,0.7928884079971169,7.65306208559929,12.514455795555168,459.1837251359574,750.8673477333101,155.77679295780877,False,False,False,0.0,459.1837251359574,0.0,0.0
1,99,1.2381876875210196,5.018995396882483,10.174726709044178,301.13972381294894,610.4836025426507,155.77679295780877,False,False,False,0.0,301.13972381294894,0.0,0.0
1,100,0.8164462894732535,7.501564809252764,12.405614822811398,450.0938885551658,744.3368893686838,155.77679295780877,False,False,False,0.0,450.0938885551658,0.0,0.0
1,101,0.9660370712240066,6.562076432731767,11.675304886580333,393.724585963906,700.51829319482,155.77679295780877,False,False,False,0.0,393.724585963906,0.0,0.0
1,102,1.6497452307940854,3.2757803416817186,7.58332070499001,196.54682050090312,454.9992422994006,155.77679295780877,False,False,False,0.0,196.54682050090312,0.0,0.0
1,103,0.9728101875609213,6.520730077041736,11.640622021226552,391.2438046225042,698.437321273593,155.77679295780877,False,True,True,10.0,456.45110539292153,0.0,0.0
1,104,1.379064849581945,4.336262785968128,9.319972806478097,260.1757671580877,559.1983683886858,155.77679295780877,False,False,True,10.0,303.538395017769,0.0,0.0
1,105,0.809149309473949,7.548413622519542,12.439507390498026,452.9048173511725,746.3704434298816,155.77679295780877,False,False,True,10.0,528.388953576368,0.0,0.0
1,106,1.0207677972139633,6.231622080560321,11.391071795738872,373.8973248336192,683.4643077443324,155.77679295780877,False,False,True,10.0,436.21354563922245,0.0,0.0
1,107,0.8049254153552391,7.575565348206256,12.45905123079769,454.53392089237536,747.5430738478615,155.77679295780877,False,False,True,10.0,530.289574374438,0.0,0.0
1,108,0.9781729796528705,6.488077117160738,11.613065457293198,389.28462702964424,696.7839274375918,155.77679295780877,False,False,True,10.0,454.16539820125166,0.0,0.0
1,109,1.425042645227293,4.132714213168939,9.031835992639694,247.96285279013637,541.9101595583817,155.77679295780877,False,False,True,10.0,289.2899949218258,0.0,0.0
1,110,0.6281327127057796,8.724250396427266,13.230195214983075,523.455023785636,793.8117128989845,155.77679295780877,False,False,True,10.0,610.6975277499087,0.0,0.0
1,111,1.251951725439639,4.948468184926825,10.093310120117364,296.9080910956095,605.5986072070418,155.77679295780877,False,False,True,10.0,346.3927729448778,0.0,0.0
1,112,1.1758015842228662,5.348575995144658,10.537453135306023,320.91455970867946,632.2471881183615,155.77679295780877,False,False,True,10.0,374.40031966012606,0.0,0.0
1,113,0.9017083415840796,6.960463250314173,11.997710085361945,417.62779501885035,719.8626051217167,155.77679295780877,False,False,False,0.0,417.62779501885035,0.0,0.0
1,114,0.6871060816653665,8.339658405017303,12.982978641581335,500.3795043010382,778.9787184948801,155.77679295780877,False,False,False,0.0,500.3795043010382,0.0,0.0
1,115,1.11528865412217,5.683007258772607,10.878986411555559,340.9804355263564,652.7391846933335,155.77679295780877,False,False,False,0.0,340.9804355263564,0.0,0.0
1,116,0.9205028603237889,6.843070931410178,11.904816524826145,410.5842558846107,714.2889914895687,155.77679295780877,False,False,False,0.0,410.5842558846107,0.0,0.0
1,117,1.1739051294190768,5.358836053715476,10.548317894124938,321.53016322292854,632.8990736474963,155.77679295780877,False,False,False,0.0,321.53016322292854,0.0,0.0
1,118,1.0975409639188272,5.78367794717163,10.977160209367469,347.0206768302978,658.6296125620481,155.77679295780877,False,False,False,0.0,347.0206768302978,0.0,0.0
1,119,1.816933278626618,2.778805796145621,6.4984395212646495,166.72834776873728,389.906371275879,155.77679295780877,False,False,False,0.0,166.72834776873728,0.0,0.0
1,120,1.0097810024519769,6.297262120195112,11.448862485262454,377.8357272117067,686.9317491157473,155.77679295780877,False,False,False,0.0,377.8357272117067,0.0,0.0
1,121,0.7862754515970688,7.695710048068239,12.544711785877524,461.74260288409437,752.6827071526515,155.77679295780877,False,False,False,0.0,461.74260288409437,0.0,0.0
1,122,1.154074101200582,5.4670352737570775,10.661282485501811,328.02211642542466,639.6769491301087,155.77679295780877,False,False,False,0.0,328.02211642542466,0.0,0.0
1,123,1.1691657814356362,5.384555194128661,10.575414216429035,323.07331164771966,634.5248529857421,155.77679295780877,False,False,False,0.0,323.07331164771966,0.0,0.0
1,124,1.6816088151817052,3.1722618065232506,7.37550054174367,190.33570839139503,442.5300325046202,155.77679295780877,False,False,False,0.0,190.33570839139503,0.0,0.0
1,125,1.422681774513016,4.14293395401242,9.046723891698923,248.57603724074522,542.8034335019354,155.77679295780877,False,False,False,0.0,248.57603724074522,0.0,0.0
1,126,1.221354454457455,5.106339765134989,10.273627106019697,306.38038590809936,616.4176263611819,155.77679295780877,False,False,False,0.0,306.38038590809936,0.0,0.0
1,127,1.738406872137149,2.9982261923781146,7.00571231662877,179.89357154268689,420.3427389977262,155.77679295780877,False,False,False,0.0,179.89357154268689,0.0,0.0
1,128,0.7458906185752263,7.957117822823751,12.726662976514184,477.42706936942506,763.5997785908511,155.77679295780877,False,True,True,10.0,556.9982475976625,0.0,0.0
1,129,0.8886841391351014,7.0422600692152075,12.061443533946411,422.53560415291247,723.6866120367847,155.77679295780877,False,False,True,10.0,492.95820484506453,0.0,0.0
1,130,0.8109692500415958,7.536723021540373,12.431067774988847,452.2033812924224,745.8640664993309,155.77679295780877,False,False,True,10.0,527.5706115078261,0.0,0.0
1,131,0.962453870315044,6.584001764141472,11.693593530349688,395.0401058484883,701.6156118209813,155.77679295780877,False,False,True,10.0,460.88012348990304,0.0,0.0
1,132,0.7024834449745515,8.239439565436795,12.916895143372106,494.3663739262077,775.0137086023263,155.77679295780877,False,False,True,10.0,576.7607695805757,0.0,0.0
1,133,1.3347527195930804,4.541513886661969,9.593711187095185,272.4908331997181,575.6226712257111,155.77679295780877,False,False,True,10.0,317.9059720663378,0.0,0.0
1,134,1.0153158678368015,6.26415238829741,11.419791268421864,375.84914329784465,685.1874761053118,155.77679295780877,False,False,True,10.0,438.4906671808187,0.0,0.0
1,135,0.6817020381340115,8.37489266138032,13.006046545988251,502.49355968281924,780.3627927592951,155.77679295780877,False,False,True,10.0,586.2424862966225,0.0,0.0
1,136,0.788264393871167,7.682878778911455,12.53562304612737,460.9727267346873,752.1373827676422,155.77679295780877,False,True,True,10.0,537.8015145238019,0.0,0.0
1,137,1.2045755585880993,5.194582251223956,10.371457428627815,311.6749350734374,622.2874457176689,155.77679295780877,False,False,True,10.0,363.6207575856769,0.0,0.0
1,138,1.4240511138062417,4.1370063559364505,9.038088694077938,248.22038135618703,542.2853216446763,155.77679295780877,False,True,True,10.0,289.59044491555153,0.0,0.0
1,139,2.0609356243197663,2.236392141373414,4.994823278659293,134.18352848240482,299.6893967195576,155.77679295780877,True,False,True,10.0,156.54744989613897,21.59326447540394,0.0
1,140,2.761495003597113,1.4565062614504827,1.9312120778509756,87.39037568702896,115.87272467105853,155.77679295780877,True,False,True,10.0,101.95543830153379,68.3864172707798,53.82135465627498
1,141,1.2439827798934306,4.989205507687636,10.140505709989924,299.35233046125813,608.4303425993954,155.77679295780877,False,False,True,10.0,349.2443855381345,0.0,0.0
1,142,0.7948408965858837,7.640479937839688,12.505497542575956,458.42879627038127,750.3298525545573,155.77679295780877,False,False,True,10.0,534.8335956487781,0.0,0.0
1,143,0.5520414361351593,9.218901698444293,13.53496006668048,553.1341019066576,812.0976040008288,155.77679295780877,False,False,True,10.0,645.3231188911005,0.0,0.0
1,144,1.1871007088034111,5.287707138182223,10.472539649682277,317.26242829093337,628.3523789809366,155.77679295780877,False,False,True,10.0,370.1394996727556,0.0,0.0
1,145,0.8409107214767629,7.345045578684573,12.290824482645196,440.70273472107436,737.4494689587117,155.77679295780877,False,False,True,10.0,514.1531905079202,0.0,0.0
1,146,0.9546408395710111,6.631921667507539,11.733338788401465,397.91530005045234,704.0003273040879,155.77679295780877,False,False,True,10.0,464.2345167255277,0.0,0.0
1,147,0.8965599441805716,6.992757456268718,12.022962248334228,419.5654473761231,721.3777349000536,155.77679295780877,False,False,True,10.0,489.4930219388103,0.0,0.0
1,148,1.0420403842716723,6.105573187953664,11.278151239924892,366.3343912772198,676.6890743954935,155.77679295780877,False,False,False,0.0,366.3343912772198,0.0,0.0
1,149,1.5314312298359454,3.698725397501562,8.352164756361354,221.92352385009372,501.1298853816812,155.77679295780877,False,False,False,0.0,221.92352385009372,0.0,0.0
1,150,1.1459188462128926,5.511972510868253,10.707417034249644,330.7183506520952,642.4450220549786,155.77679295780877,False,False,False,0.0,330.7183506520952,0.0,0.0
1,151,1.0361247599228072,6.140486840229837,11.309686656664418,368.4292104137902,678.5811993998651,155.77679295780877,False,True,True,10.0,429.8340788160886,0.0,0.0
1,152,0.7832318103267519,7.715356689327658,12.558589952097229,462.92140135965946,753.5153971258337,155.77679295780877,False,False,True,10.0,540.0749682529361,0.0,0.0
1,153,0.6387706901227485,8.654893015245452,13.18632429377693,519.2935809147272,791.1794576266159,155.77679295780877,False,True,True,10.0,605.8425110671817,0.0,0.0
1,154,0.9332734828862074,6.763753688080962,11.841087669424066,405.8252212848577,710.465260165444,155.77679295780877,False,False,True,10.0,473.46275816566737,0.0,0.0
1,155,1.071372816771331,5.934157189220064,11.120211898920685,356.0494313532039,667.2127139352411,155.77679295780877,False,True,True,10.0,415.39100324540453,0.0,0.0
1,156,1.9158488504634674,2.535078184771003,5.872069151100477,152.10469108626017,352.3241490660286,155.77679295780877,True,False,True,10.0,177.4554729339702,3.672101871548591,0.0
1,157,1.1361717570629524,5.566020750295799,10.762303375355577,333.96124501774796,645.7382025213346,155.77679295780877,False,False,True,10.0,389.62145252070593,0.0,0.0
1,158,1.4912947051822,3.8563998134191086,8.610384893229066,231.38398880514652,516.623093593744,155.77679295780877,False,False,True,10.0,269.9479869393376,0.0,0.0
1,159,0.9294142408316324,6.787681943584539,11.860400346568788,407.2609166150723,711.6240207941273,155.77679295780877,False,False,True,10.0,475.1377360509177,0.0,0.0
1,160,0.7468000770228261,7.951216289393979,12.722614614993441,477.0729773636387,763.3568768996065,155.77679295780877,False,True,True,10.0,556.5851402575785,0.0,0.0
1,161,0.8010582239696791,7.600443534447715,12.476899069294232,456.02661206686287,748.6139441576539,155.77679295780877,False,False,True,10.0,532.0310474113401,0.0,0.0
1,162,0.8647765088149332,7.19327285199187,12.177099885025404,431.59637111951224,730.6259931015243,155.77679295780877,False,False,True,10.0,503.5290996394309,0.0,0.0
1,163,2.1494060130960753,2.0842751830722928,4.492724251996323,125.05651098433756,269.5634551197794,155.77679295780877,True,False,True,10.0,145.8992628150605,30.720281973471202,9.87753014274827
1,164,0.8386478740622334,7.359484980835647,12.301517692780834,441.5690988501388,738.09106156685,155.77679295780877,False,False,True,10.0,515.1639486584953,0.0,0.0
1,165,1.4242158853139402,4.136293092776006,9.037049627618424,248.17758556656034,542.2229776571055,155.77679295780877,False,False,True,10.0,289.5405164943204,0.0,0.0
1,166,0.8171112944569708,7.49729783913341,12.402520341977915,449.8378703480046,744.1512205186749,155.77679295780877,False,False,True,10.0,524.8108487393388,0.0,0.0
1,167,1.4671473368173318,3.9547899868058924,8.764756724057424,237.28739920835355,525.8854034434454,155.77679295780877,False,False,True,10.0,276.83529907641247,0.0,0.0
1,168,1.2323456499570247,5.0491777375711955,10.209132109771812,302.9506642542717,612.5479265863087,155.77679295780877,False,False,True,10.0,353.4424416299837,0.0,0.0
1,169,1.036785112654134,6.1365828394763495,11.306172713527936,368.194970368581,678.3703628116762,155.77679295780877,False,False,True,10.0,429.56079876334445,0.0,0.0
1,170,1.0758326176872177,5.908345233683056,11.09597405822593,354.50071402098337,665.7584434935559,155.77679295780877,False,False,False,0.0,354.50071402098337,0.0,0.0
1,171,0.884431056447273,7.069044832754958,12.082144802076364,424.1426899652975,724.9286881245819,155.77679295780877,False,False,False,0.0,424.1426899652975,0.0,0.0
1,172,1.2566132471339115,4.924762221783385,10.065628545352808,295.4857333070031,603.9377127211685,155.77679295780877,False,False,False,0.0,295.4857333070031,0.0,0.0
1,173,0.9426474790754774,6.705780950466601,11.793988082681544,402.34685702799607,707.6392849608926,155.77679295780877,False,False,False,0.0,402.34685702799607,0.0,0.0
1,174,0.7371742138223916,8.013719728383997,12.765301195024444,480.82318370303983,765.9180717014666,155.77679295780877,False,False,False,0.0,480.82318370303983,0.0,0.0
1,175,0.7249681392076714,8.09306661581795,12.819037949926592,485.583996949077,769.1422769955956,155.77679295780877,False,False,False,0.0,485.583996949077,0.0,0.0
1,176,1.1516142488813994,5.4805677715625984,10.675214049191133,328.8340662937559,640.512842951468,155.77679295780877,False,False,False,0.0,328.8340662937559,0.0,0.0
1,177,1.8038288522657195,2.8137736424876305,6.582618612935157,168.82641854925782,394.9571167761094,155.77679295780877,False,False,False,0.0,168.82641854925782,0.0,0.0
1,178,1.1469953499257435,5.50603093461835,10.70133445604264,330.361856077101,642.0800673625583,155.77679295780877,False,False,False,0.0,330.361856077101,0.0,0.0
1,179,1.049431411866318,6.062113445217166,11.238598613309012,363.72680671303,674.3159167985407,155.77679295780877,False,False,False,0.0,363.72680671303,0.0,0.0
1,180,1.1939814379456417,5.250886784907451,10.432840890196214,315.0532070944471,625.9704534117728,155.77679295780877,False,False,False,0.0,315.0532070944471,0.0,0.0
1,181,1.6533143122909246,3.263970579425879,7.5600416067901515,195.83823476555273,453.6024964074091,155.77679295780877,False,False,False,0.0,195.83823476555273,0.0,0.0
1,182,1.1689366990236605,5.38580179569851,10.576721519508938,323.14810774191056,634.6032911705363,155.77679295780877,False,False,False,0.0,323.14810774191056,0.0,0.0
1,183,0.955991089781523,6.623630395524804,11.726481552603945,397.4178237314883,703.5888931562366,155.77679295780877,False,True,True,10.0,463.65412768673633,0.0,0.0
1,184,1.551253354831951,3.6235394709465596,8.224004530535424,217.41236825679357,493.44027183212546,155.77679295780877,False,False,True,10.0,253.64776296625917,0.0,0.0
1,185,1.2496900794421928,4.959994473369712,10.1067257546716,297.5996684021827,606.403545280296,155.77679295780877,False,False,True,10.0,347.1996131358799,0.0,0.0
1,186,1.779060414771667,2.8816445070662677,6.742297775439136,172.89867042397606,404.5378665263481,155.77679295780877,False,False,True,10.0,201.71511549463875,0.0,0.0
1,187,1.1555326887151904,5.459029782638446,10.65300796022911,327.5417869583067,639.1804776137466,155.77679295780877,False,False,True,10.0,382.1320847846912,0.0,0.0
1,188,0.7374416176890723,8.01198223610331,12.764120268279166,480.71893416619866,765.84721609675,155.77679295780877,False,False,True,10.0,560.8387565272318,0.0,0.0
1,189,0.704397177782452,8.226972935085236,12.908621254210923,493.6183761051142,774.5172752526554,155.77679295780877,False,False,True,10.0,575.8881054559665,0.0,0.0
1,190,1.8456492998276697,2.704425697366587,6.314833555216153,162.2655418419952,378.8900133129692,155.77679295780877,False,False,True,10.0,189.30979881566108,0.0,0.0
1,191,1.8889823305762001,2.5978491569342266,6.0403820262073555,155.8709494160536,362.42292157244134,155.77679295780877,False,False,True,10.0,181.84944098539586,0.0,0.0
1,192,1.0292438137881699,6.181228322447595,11.346243298628623,370.8736993468557,680.7745979177174,155.77679295780877,False,False,True,10.0,432.68598257133164,0.0,0.0
1,193,0.9644896008567566,6.571543348490711,11.683205413806233,394.2926009094427,700.992324828374,155.77679295780877,False,False,False,0.0,394.2926009094427,0.0,0.0
1,194,1.7373763221746006,3.0012619777772156,7.01240615341079,180.07571866663292,420.7443692046474,155.77679295780877,False,False,False,0.0,180.07571866663292,0.0,0.0
1,195,0.7655932393328972,7.829395039700271,12.638496798489735,469.7637023820163,758.3098079093841,155.77679295780877,False,False,False,0.0,469.7637023820163,0.0,0.0
1,196,0.8192518791790039,7.483571172368709,12.392541571191211,449.01427034212253,743.5524942714727,155.77679295780877,False,False,False,0.0,449.01427034212253,0.0,0.0
1,197,1.3382389883108765,4.525042401146249,9.57232763749962,271.5025440687749,574.3396582499772,155.77679295780877,False,False,False,0.0,271.5025440687749,0.0,0.0
1,198,0.9609824864319839,6.593014058941358,11.70109291797271,395.58084353648144,702.0655750783626,155.77679295780877,False,False,False,0.0,395.58084353648144,0.0,0.0
1,199,1.0881359481896784,5.837490709025034,11.028803739033485,350.24944254150205,661.7282243420091,155.77679295780877,False,False,False,0.0,350.24944254150205,0.0,0.0
1,200,1.0345365434842577,6.149876364765216,11.3181380523939,368.99258188591295,679.088283143634,155.77679295780877,False,False,False,0.0,368.99258188591295,0.0,0.0
